source,author,title,description,url,urlToImage,publishedAt,content
"{'id': 'business-insider', 'name': 'Business Insider'}",insider@insider.com (David Kushner),Scam on rye: The inside story of a $100 million deli fraud,"One New Jersey deli, two university endowments, and the inside story of a $100 million fraud.",https://www.businessinsider.com/new-jersey-deli-100-million-stock-fraud-inside-story-2026-2,https://i.insider.com/69850caba645d1188188cc4e?width=1200&format=jpeg,2026-02-15T09:09:01Z,"When their scandal broke on April 15, 2021, Paul Morina and James Patten had gone to the mat for each other for decades in a town where going to the mat is everything. They were in their 60s, friends… [+35125 chars]"
"{'id': None, 'name': 'CNA'}",,Visa-only Games highlights Europe's payments headache,"MILAN, Feb 15 : Anyone trying to buy a souvenir at the official Olympic stores at the Milano Cortina Games will have been exposed to an issue troubling Europe's policymakers: the dominance of foreign payment providers and the fading role of cash.Under a spons…",https://www.channelnewsasia.com/sport/visa-only-games-highlights-europes-payments-headache-5932556,"https://dam.mediacorp.sg/image/upload/s--kd1KJ-2i--/c_fill,g_auto,h_676,w_1200/fl_relative,g_south_east,l_mediacorp:cna:watermark:2024-04:reuters_1,w_0.1/f_auto,q_auto/v1/one-cms/core/2026-02-15T080426Z_1_LYNXMPEM1E02U_RTROPTP_3_OLYMPICS-2026-PAYMENTS.JPG?itok=xwg-n9eM",2026-02-15T08:04:54Z,"MILAN, Feb 15 : Anyone trying to buy a souvenir at the official Olympic stores at the Milano Cortina Games will have been exposed to an issue troubling Europe's policymakers: the dominance of foreign… [+3767 chars]"
"{'id': None, 'name': 'newsBTC'}",Semilore Faleti,Solana Funding Rates Hit 17-Day Negative Streak — What This Means For Price,"Solana (SOL) has been significantly affected by the bear market, reporting a price loss of 37.38% in the last 30 days alone. Despite the late price relief seen last week, the altcoin remains about 70% off its all-time high, reflecting the dominant selling act…",http://www.newsbtc.com/news/solana/solana-funding-rates-hit-17-day-negative-streak-what-this-means-for-price/,https://www.newsbtc.com/wp-content/uploads/2026/02/Solana-Recovers-by-Over-45-2.jpg,2026-02-15T05:00:23Z,"Semilore Faleti is a cryptocurrency writer specialized in the field of journalism and content creation. While he started out writing on several subjects, Semilore soon found a knack for cracking down… [+3189 chars]"
"{'id': None, 'name': 'Yahoo Entertainment'}",Ashar Jawad,"Strategy Inc (MSTR) a Strong Buy, Analysts Forecast 193% Upside","Strategy Inc (NASDAQ:MSTR) is among the 10 best meme stocks to buy now. On February 9, Cantor Fitzgerald trimmed its price target on the stock to $192 from $...",https://finance.yahoo.com/news/strategy-inc-mstr-strong-buy-045227886.html,https://s.yimg.com/ny/api/res/1.2/yOZMKK_HUPFXyT7LvGumkg--/YXBwaWQ9aGlnaGxhbmRlcjt3PTEyMDA7aD05MDA-/https://media.zenfs.com/en/insidermonkey.com/d33bdc283f11c51e1edf5a2884041b55,2026-02-15T04:52:27Z,"Strategy Inc (NASDAQ:MSTR) is among the 10 best meme stocks to buy now. On February 9, Cantor Fitzgerald trimmed its price target on the stock to $192 from $213, while keeping an Overweight rating.
… [+1791 chars]"
"{'id': None, 'name': 'The Sunday Guardian'}",Amreen Ahmad,"Pine Labs Resets Valuation, Posts Profit Turnaround After IPO","Pine Labs is a homegrown merchant commerce and payments technology platform focusing on enabling digital transactions and commerce for merchants, brands, enterprises and financial institutions. The company filed…",https://sundayguardianlive.com/business/pine-labs-resets-valuation-posts-profit-turnaround-after-ipo-170406/,https://sundayguardianlive.com/wp-content/uploads/2026/02/image_37.png,2026-02-15T01:00:42Z,"47Pine Labs is a homegrown merchant commerce and payments technology platform focusing on enabling digital transactions and commerce for merchants, brands, enterprises and financial institutions. The… [+4264 chars]"
"{'id': None, 'name': 'Crypto Briefing'}",Editorial Team,Dan Awrey: Legacy banking faces disruption from digital payment demand | Macro Musings,"Historical banking practices have created a path dependency that affects modern payment systems. Good money is defined by law and institutions, while good payments are defined by technology and governance frameworks. Central bankers should not act as central …",https://cryptobriefing.com/dan-awrey-legacy-banking-faces-disruption-from-digital-payment-demand-macro-musings/,https://static.cryptobriefing.com/wp-content/uploads/2026/02/11174248/macro-musings-cover-457x457.jpg,2026-02-15T00:40:00Z,"Historical banking practices have created a path dependency that affects modern payment systems. Good money is defined by law and institutions, while good payments are defined by technology and gover… [+11444 chars]"
"{'id': 'the-times-of-india', 'name': 'The Times of India'}",ET Bureau,"Digital highway fuelling India’s business and economic growth, says Jyotiraditya Scindia","India's economy is transforming thanks to its digital highway. This connectivity acts as essential infrastructure, much like transport during the industrial revolution. Broadband subscribers have surged from 60 million to over one billion. Data costs have dra…",https://economictimes.indiatimes.com/industry/telecom/telecom-policy/digital-highway-fuelling-indias-business-and-economic-growth-says-jyotiraditya-scindia/articleshow/128358253.cms,"https://img.etimg.com/thumb/msid-128358287,width-1200,height-630,imgsize-105380,overlay-economictimes/articleshow.jpg",2026-02-15T00:00:00Z,"New Delhi: India's current economic transformation is being powered by a digital highway, which is acting as a pipe that powers content, business and the economy, said union minister for communicatio… [+4816 chars]"
"{'id': None, 'name': 'LADbible'}",Olivia Burke,Copyright agent shares information they ‘already know’ about people using Fire Sticks,FACT's chairman Kieron Sharp likened its investigators to a 'mini police force' while detailing how experts track down dodgy Fire Stick sellers.,https://www.ladbible.com/news/technology/dodgy-fire-sticks-crackdown-fact-computer-forensics-uk-sellers-210250-20260214,https://images.ladbible.com/ogimage/v3/assets/bltcd74acc1d0a99f3a/bltdd960df1f2fd5e5f/6990be51e04fdf00085ce777/dodgy-fire-sticks.jpg,2026-02-14T19:07:26Z,"A copyright expert has warned that investigators comparable to a 'mini police force' are hot on the trail of people flogging so-called dodgy Fire Sticks.
A recent report found that millions of peopl… [+3018 chars]"
"{'id': None, 'name': 'Crypto Briefing'}",Editorial Team,Nathan Sexer: Argentina’s crypto boom fuels Ethereum’s biggest event ever | Epicenter,"Argentina has a significant number of daily crypto users, with about 5 million people engaging with it regularly. Devconnect is the largest Ethereum event ever organized in terms of attendance. The decision to create a world fair format for the event was driv…",https://cryptobriefing.com/nathan-sexer-argentinas-crypto-boom-fuels-ethereums-biggest-event-ever-epicenter/,https://static.cryptobriefing.com/wp-content/uploads/2026/02/11174222/epicenter-cover-457x457.jpg,2026-02-14T18:50:00Z,"Argentina has a significant number of daily crypto users, with about 5 million people engaging with it regularly. Devconnect is the largest Ethereum event ever organized in terms of attendance. The d… [+8958 chars]"
"{'id': None, 'name': 'CoinDesk'}","Francisco Rodrigues, AI Boost",Elon Musk's X to launch crypto and stock trading in ‘couple weeks’,"Users will be able to interact with ticker symbols in posts and execute trades within the app, the company's head of product said.",https://www.coindesk.com/business/2026/02/14/elon-musk-s-x-to-launch-crypto-and-stock-trading-in-couple-weeks,https://cdn.sanity.io/images/s3y3vcno/production/4290d2e5ba7140f5d65f68d3183a9abb87c098a4-3840x2160.png?auto=format&w=960&h=540&crop=focalpoint&fit=clip&q=75&fm=jpg,2026-02-14T17:33:54Z,"Elon Musks social media platform X is set to soon let users trade stocks and cryptocurrencies directly from their timelines as the company pushes deeper into financial services.
The upcoming feature… [+1269 chars]"
"{'id': 'the-times-of-india', 'name': 'The Times of India'}",ET Bureau,Emerging tech redefining what it takes to scale globally,"Innovative global brands are on the rise, merging cutting-edge tech with reliability and a wealth of industry expertise. Utilizing AI and blockchain technologies, businesses are streamlining intricate fields such as finance and real estate. Emerging markets a…",https://economictimes.indiatimes.com/news/company/corporate-trends/emerging-tech-redefining-what-it-takes-to-scale-globally/articleshow/128355568.cms,"https://img.etimg.com/thumb/msid-128355738,width-1200,height-630,imgsize-351991,overlay-economictimes/articleshow.jpg",2026-02-14T17:30:00Z,"The race to build the world's next breakout brands is increasingly being shaped by how companies combine technology with trust, industry depth, and sustainability. In a panel discussion at the ET Now… [+6081 chars]"
"{'id': None, 'name': 'GlobeNewswire'}",Bitstarz,Free Spins No Deposit Bonus Casinos 2026 | Bitstarz Launches 50 Free Spins No Deposit Bonus with Real Money Wins,"New York City, NY, Feb. 14, 2026 (GLOBE NEWSWIRE) --  Are you tired of no deposit bonus casinos that come with confusing wagering rules, tiny cashout limits on free spin wins, and slow payouts? BitStarz takes a different approach; it gives new players 50 free…",https://www.globenewswire.com/news-release/2026/02/14/3238426/0/en/Free-Spins-No-Deposit-Bonus-Casinos-2026-Bitstarz-Launches-50-Free-Spins-No-Deposit-Bonus-with-Real-Money-Wins.html,,2026-02-14T17:21:00Z,"New York City, NY, Feb. 14, 2026 (GLOBE NEWSWIRE) -- 
 Are you tired of no deposit bonus casinos that come with confusing wagering rules, tiny cashout limits on free spin wins, and slow payouts? Bit… [+14405 chars]"
"{'id': 'fox-news', 'name': 'Fox News'}",,"San Francisco residents band together to shut down reparations fund, claiming it’s ‘dividing’ the city","San Francisco faced a lawsuit over reparations fund that allegedly discriminates based on race, with Pacific Legal Foundation challenging the ordinance for Black residents.",https://www.foxnews.com/media/san-francisco-residents-band-together-shut-down-reparations-fund-claiming-its-dividing-city,https://static.foxnews.com/foxnews.com/content/uploads/2024/04/Reparations-protest.jpg,2026-02-14T17:00:48Z,"Richie Greenberg, one of the plaintiffs suing San Francisco over its reparations fund, claimed that the measure is divisive because it solely favors Black residents.
""It is dividing the city rather … [+4637 chars]"
"{'id': None, 'name': ""Tom's Hardware UK""}","editors@tomshardware.com (Hassam Nasir) , Hassam Nasir","Sony-led program offers PS5 rentals starting at $13.50 a month in the UK across 12, 24, or 36-month leases — console has to be returned at the end of the contract","Sony is offering PlayStation 5 hardware for rent to customers in the UK. The selection includes PS5 consoles, controllers, PSVR 2, and even the PlayStation Portal. The cheapest offer starts from £9.50 per month for a base PS5 Slim, with leases for 12, 24, or …",https://www.tomshardware.com/video-games/playstation/sony-led-program-offers-ps5-rentals-starting-at-usd13-50-a-month-in-the-uk-across-12-24-or-36-month-leases-console-has-to-be-returned-at-the-end-of-the-contract,https://cdn.mos.cms.futurecdn.net/MjcZuEfPQrcKamX4D4pHuc-1920-80.png,2026-02-14T16:08:01Z,"Play Has No Limits — except if you're trying to buy a console. Amidst the dire wastelands of the tech industry, Sony has decided that enjoying its PlayStation 5 console should remain its top priority… [+3613 chars]"
"{'id': None, 'name': 'CoinDesk'}","Will Canny, AI Boost",Galaxy’s Steve Kurz sees ‘great convergence’ driving crypto’s long-term outlook,"The firm's asset-management chief says the recent crypto selloff reflects healthy deleveraging, while infrastructure growth and institutional adoption support a bullish outlook.",https://www.coindesk.com/business/2026/02/14/galaxy-s-steve-kurz-sees-great-convergence-driving-crypto-s-long-term-outlook,https://cdn.sanity.io/images/s3y3vcno/production/964255b8a83143c61904ae65cefcca0d1f38c095-1920x1080.jpg?auto=format,2026-02-14T16:00:00Z,"Crypto is no longer just an asset class, it is also an ever-more critical part of financial infrastructure, says Steve Kurz, Galaxy Digital's (GLXY) global head of asset management and co-head of dig… [+7875 chars]"
"{'id': None, 'name': 'BusinessLine'}",BL Bengaluru Bureau,"PhonePe sharpens lending, insurance play ahead of IPO as segment drives growth","Revenue from the lending and insurance distribution segment surges from ₹28.05 crore in FY23 to ₹557.65 crore in FY25, clocking a CAGR of over 345%",https://www.thehindubusinessline.com/money-and-banking/phonepe-sharpens-lending-insurance-play-ahead-of-ipo-as-segment-drives-growth/article70632814.ece,https://bl-i.thgim.com/public/incoming/kfl6hp/article70632876.ece/alternates/LANDSCAPE_1200/330268274_0-17.jpg,2026-02-14T15:14:47Z,"Walmart-backed fintech major PhonePe is sharpening its financial services play ahead of its proposed public listing, as lending and insurance distribution emerge as key growth drivers beyond its core… [+1700 chars]"
"{'id': 'fox-news', 'name': 'Fox News'}",,"Popular cruise company abruptly shuts down, disrupting upcoming vacations","A beloved cruise ship company abruptly closed after 15 years, shocking customers. Vacation plans have been disrupted. Passengers will receive refunds, the cruise line said.",https://www.foxnews.com/travel/popular-cruise-company-abruptly-shuts-down-disrupting-upcoming-vacations,https://static.foxnews.com/foxnews.com/content/uploads/2026/02/alaskan-dreamscruises-shutters.jpg,2026-02-14T15:00:51Z,"A beloved cruise line has abruptly shut down and canceled all future bookings.
Alaskan Dream Cruises announced Feb. 4 that it would halt all operations disrupting upcoming vacation plans.
The small… [+3858 chars]"
"{'id': None, 'name': 'BusinessLine'}",BL New Delhi Bureau,Centre launches ‘PM RAHAT’ scheme,"The Centre's PM RAHAT scheme offers cashless emergency treatment for road accident victims, ensuring timely medical assistance and improved survival rates.",https://www.thehindubusinessline.com/economy/logistics/centre-launches-pm-rahat-scheme/article70632657.ece,https://bl-i.thgim.com/public/incoming/rng4sp/article70632745.ece/alternates/LANDSCAPE_1200/20260213207L.jpg,2026-02-14T14:45:02Z,"The Centre has launched the PM RAHAT (Road Accident Victim Hospitalisation and Assured Treatment) scheme, aimed at providing cashless emergency care to road accident victims and improving survival du… [+2453 chars]"
"{'id': 'the-times-of-india', 'name': 'The Times of India'}",ANI,Kerala to launch India's first graphene policy to become global tech hub,"As the first step, the Union Cabinet has approved the Grefine Park. Kerala Industries Minister P Rajeev outlined a series of strategic incentives to attract both domestic and global investors, including a 50% subsidy on lease payments for manufacturing units …",https://economictimes.indiatimes.com/tech/technology/kerala-to-launch-indias-first-graphene-policy-to-become-global-tech-hub/articleshow/128350975.cms,"https://img.etimg.com/thumb/width-1200,height-900,imgsize-36344,resizemode-75,msid-128350975/tech/technology/kerala-to-launch-indias-first-graphene-policy-to-become-global-tech-hub.jpg",2026-02-14T14:33:32Z,"Kerala has taken a significant step by approving India's first comprehensive graphene policy, hailed as the wonder material of the future, aiming to position itself as a global hub for research, deve… [+2501 chars]"
"{'id': None, 'name': 'Business Standard'}",ANI,Kerala to launch India's first graphene policy to become global tech hub,"State unveils incentives, ₹200 cr innovation hub to attract investors",https://www.business-standard.com/india-news/kerala-to-launch-india-s-first-graphene-policy-to-become-global-tech-hub-126021401184_1.html,https://bsmedia.business-standard.com/_media/bs/img/article/2025-10/08/thumb/fitandfill/1200X630/1759947736-4758.jpg,2026-02-14T13:18:52Z,"Kerala has taken a significant step by approving India's first comprehensive graphene policy, hailed as the wonder material of the future, aiming to position itself as a global hub for research, deve… [+2672 chars]"
"{'id': None, 'name': 'Yahoo Entertainment'}",Abdul Rahman,"XPeng (XPEV) Draws Mixed Analyst Calls, Expands Global Payments","XPeng Inc. (NYSE:XPEV) is one of the best foreign stocks to buy right now. On February 9, XPeng Inc. (NYSE:XPEV) announced a global collaboration with Ant...",https://finance.yahoo.com/news/xpeng-xpev-draws-mixed-analyst-131720412.html,https://s.yimg.com/os/en/insidermonkey.com/5c9070a2bf6cf8e09b2f0cdf2ebd31e3,2026-02-14T13:17:20Z,"XPeng Inc. (NYSE:XPEV) is one of the best foreign stocks to buy right now. On February 9, XPeng Inc. (NYSE:XPEV) announced a global collaboration with Ant Internationals Antom payment platform. The g… [+1976 chars]"
"{'id': None, 'name': 'BusinessLine'}",ANI,Kerala to launch India's first graphene policy to become global tech hub,"Kerala is working on a series of incentives to attract domestic and global investors, including a 50% subsidy on lease payments for manufacturing units established in government-managed parks",https://www.thehindubusinessline.com/news/national/kerala-to-launch-indias-first-graphene-policy-to-become-global-tech-hub/article70632140.ece,https://bl-i.thgim.com/public/incoming/2sluwt/article70632242.ece/alternates/LANDSCAPE_1200/P_Rajeeve_Minister_of_Industries_Kerala.jpg,2026-02-14T12:58:38Z,"Kerala has taken a significant step by approving India's first comprehensive graphene policy, hailed as the wonder material of the future, aiming to position itself as a global hub for research, deve… [+2547 chars]"
"{'id': None, 'name': '24/7 Wall St.'}",Joel South,Accenture’s Dividend Won’t Wow You – But Maybe It Should,"Accenture just paid shareholders $1.63 per share on February 13, 2026, marking the latest installment in a 20+ year streak of consecutive annual dividend...",https://247wallst.com/investing/2026/02/14/accentures-dividend-wont-wow-you-but-maybe-it-should/,https://s.yimg.com/ny/api/res/1.2/8.BUU_VvIvEEJpeL6bEmfg--/YXBwaWQ9aGlnaGxhbmRlcjt3PTEyMDA7aD01NzQ-/https://media.zenfs.com/en/24_7_wall_st__718/81149457a177faba6d598b5c050d2b5b,2026-02-14T12:01:53Z,"<ul><li>Accenture (ACN) raised its quarterly dividend 10.1% to $1.63 per share. The stock declined 41% over the past year.
</li><li>Accentures fiscal 2026 revenue guidance of 2-5% growth signals dec… [+8187 chars]"
"{'id': 'fox-news', 'name': 'Fox News'}",,"Free Buses, Real Costs. Inside Mamdani’s Socialist Dream to Shakeup Transit for New Yorkers","Mayor Zohran Mamdani's ambitious ""fast and free buses"" promise faces reality as New York City weighs eliminating fares to boost ridership amid funding concerns.",https://www.foxnews.com/media/free-buses-real-costs-inside-mamdanis-socialist-dream-shakeup-transit-new-yorkers,https://static.foxnews.com/foxnews.com/content/uploads/2026/02/zohran-mamdani-free-bus.png,2026-02-14T12:00:17Z,"New York City Mayor Zohran Mamdani has made ""fast and free buses"" a defining promise of his administration, framing the proposal as both an affordability measure and a long-overdue fix for a bus syst… [+9769 chars]"
"{'id': 'the-times-of-india', 'name': 'The Times of India'}",PTI,"SEBI, NSDL Launch Auto Rickshaw Awareness Drive to Promote Investor Verification",SEBI and NSDL are using auto-rickshaws across India for a public outreach campaign. This initiative aims to boost investor awareness and combat digital payment fraud. The campaign encourages investors to perform a 'SEBI Check' before making payments in the se…,https://economictimes.indiatimes.com/markets/stocks/news/sebi-nsdl-launch-auto-rickshaw-awareness-drive-to-promote-investor-verification/articleshow/128344144.cms,"https://img.etimg.com/thumb/msid-128344177,width-1200,height-630,imgsize-33312,overlay-etmarkets/articleshow.jpg",2026-02-14T10:39:47Z,"In a bid to strengthen investor awareness and reduce instances of digital payment-related fraud, the Securities and Exchange Board of India (SEBI), in collaboration with the National Securities Depos… [+1920 chars]"
"{'id': None, 'name': 'Yugatech.com'}",Joaquin Segovia,How new BSP rules are reshaping digital banking in the Philippines,"The way Filipinos move money between banks and e‑wallets is quietly undergoing its biggest policy shake‑up since InstaPay and PESONet...
The post How new BSP rules are reshaping digital banking in the Philippines appeared first on YugaTech | Philippines Tech …",https://www.yugatech.com/fintech/how-new-bsp-rules-are-reshaping-digital-banking-in-the-philippines/,https://www.yugatech.com/wp-content/uploads/2026/02/Linked-Bank-Accounts.png,2026-02-14T10:27:47Z,The way Filipinos move money between banks and ewallets is quietly undergoing its biggest policy shakeup since InstaPay and PESONet launched. New rules from the Bangko Sentral ng Pilipinas (BSP) and … [+3371 chars]
"{'id': None, 'name': 'Yugatech.com'}",Joaquin Segovia,GoTyme Bank Ends Linked Bank Cash‑Ins Under New BSP Rules,"GoTyme Bank permanently discontinued its popular “cash‑in via linked bank account” feature, ending a convenience tool that allowed users to...
The post GoTyme Bank Ends Linked Bank Cash‑Ins Under New BSP Rules appeared first on YugaTech | Philippines Tech New…",https://www.yugatech.com/news/gotyme-bank-ends-linked-bank-cash-ins-under-new-bsp-rules/,https://www.yugatech.com/wp-content/uploads/2026/02/GoTyme-Online-Bank-Transfer-1.png,2026-02-14T09:23:21Z,"GoTyme Bank permanently discontinued its popular cashin via linked bank account feature, ending a convenience tool that allowed users to deposit directly from BPI, UnionBank, Chinabank, and RCBC acco… [+2129 chars]"
"{'id': None, 'name': 'Antaranews.com'}",PR Wire,Wonder Raises USD 12 Million Venture Debt from HSBC Innovation Banking to Drive Growth and Expansion,"Wonder, a leading fintech and payments platform for merchants in Hong Kong and Asia Pacific, today announced it has raised a USD 12 million venture debt from ...",https://en.antaranews.com/news/404554/wonder-raises-usd-12-million-venture-debt-from-hsbc-innovation-banking-to-drive-growth-and-expansion,https://cdn.antaranews.com/cache/1200x800/2026/02/14/Wonder_Horizontal.jpg,2026-02-14T08:14:20Z,"Hong Kong (ANTARA/PRNewswire)- Wonder, a leading fintech and payments platform for merchants in Hong Kong and Asia Pacific, today announced it has raised a USD 12 million venture debt from HSBC Innov… [+3395 chars]"
"{'id': 'rte', 'name': 'RTE'}",Tony Connelly,Hurry up and wait: The struggle to boost Europe's economy,"When it comes to removing barriers to the internal market the results are, indeed, mixed, writes Europe Editor Tony Connelly.",https://www.rte.ie/news/analysis-and-comment/2026/0214/1558424-european-economy/,https://www.rte.ie/images/001847d6-1600.jpg,2026-02-14T07:00:00Z,"""For the first time since the Cold War, we must genuinely fear for our self-preservation and the reason for a unified response has never been so compelling.""
Those were the words of Italian former p… [+15819 chars]"
"{'id': None, 'name': 'Hurriyet Daily News'}",hurriyetdailynews.com,Crowds flock to Istanbul's Museum of Innocence before TV adaptation,"On a cobbled street in Çukurcuma, a district known for its antiques shops on Istanbul's European side, the story penned by Nobel laureate Orhan Pamuk in his bestselling novel ""The Museum of Innocence"" has been brought to life.",https://www.hurriyetdailynews.com/crowds-flock-to-istanbuls-museum-of-innocence-before-tv-adaptation-218934,https://image.hurimg.com/i/hurriyet/75/200x200/699014f96f6cd860eed44ae7.jpg,2026-02-14T06:23:58Z,"ISTANBUL
Visitors look at the display cases in The Museum of Innocence in Istanbul.
On a cobbled street in Çukurcuma, a district known for its antiques shops on Istanbul's European side, the story … [+2250 chars]"
"{'id': 'the-irish-times', 'name': 'The Irish Times'}","Laura Slattery, Colm Keena",The shrinking of RTÉ: ‘It feels like an increasingly neutered organisation’,"‘We’re not cutting the Six One or anything’ says director general Kevin Bakhurst, as some staff talk about the emergence of ‘two RTÉs’ and fear for the future",https://www.irishtimes.com/culture/2026/02/14/the-shrinking-of-rte-it-feels-like-an-increasingly-neutered-organisation/,https://www.irishtimes.com/resizer/v2/HWNOMHZ6IBF7TJTVCPRGOAWQS4.jpg?smart=true&auth=ac7a0a289afaccf8252cf6fb779a7b5331c4ce69b87d8a6a70b5e6edfddf8aff&width=1200&height=630,2026-02-14T06:00:00Z,"At RTÉs Montrose campus, the mood is brittle. After a spate of leaving parties for the 67 employees who accepted a voluntary exit offer late last year, 2026 so far has been dogged by the dread that o… [+17097 chars]"
"{'id': None, 'name': 'Yahoo Entertainment'}",Parshwa Turakhiya,"'XRP Is The North Star,' Says Ripple CEO After $4B In Acquisitions In 2025","Ripple CEO Brad Garlinghouse said the company might pursue acquisitions in the second half of 2026 after spending $4 billion on M&A last year, even as XRP...",https://finance.yahoo.com/news/xrp-north-star-says-ripple-033145036.html,https://s.yimg.com/os/en/benzinga_79/12e991bc78af9e218957e0ec64786f04,2026-02-14T03:31:45Z,"Benzinga and Yahoo Finance LLC may earn commission or revenue on some items through the links below.
Ripple CEO Brad Garlinghouse said the company might pursue acquisitions in the second half of 202… [+8539 chars]"
"{'id': None, 'name': 'Livemint'}",Swastika Das Sharma,"Bank holiday today: Are banks open or closed on Saturday, 14 February? Check RBI calendar","Bank holiday today, 14 February: Bank holiday on Saturday is designated as a holiday under the Negotiable Instruments Act by the RBI. This bank holiday regulates the issuing of cheques and promissory notes.",https://www.livemint.com/industry/banking/bank-holiday-today-are-banks-open-or-closed-on-saturday-14-february-check-rbi-calendar-11771031680963.html,https://www.livemint.com/lm-img/img/2026/02/14/1600x900/logo/INDIA-SBI-CHAIRMAN-10_1770295318458_1770295339093_1771034434233.jpg,2026-02-14T02:04:04Z,"Bank holiday today, 14 January: Bank holidays can come in the way of several financial planning decisions for many customers if they do not keep a tab of which days banks will be closed. The RBI bank… [+3364 chars]"
"{'id': None, 'name': 'Bitcoinist'}",Christian Encila,Crypto’s Dark Side: Funds To Suspected Human Traffickers Climb 85% In 2025,"Crypto transfers tied to suspected human trafficking networks surged 85% year over year in 2025, according to Chainalysis. Related Reading: Bitcoin’s Fall Forces Crypto Lender BlockFills To Halt Withdrawals – Here’s Why Reports say the total volume reached hu…",https://bitcoinist.com/cryptos-dark-side-funds-to-suspected-human-traffickers-climb-85-in-2025/,https://bitcoinist.com/wp-content/uploads/2026/02/a_d7f8cd.jpg,2026-02-14T00:30:14Z,"Crypto transfers tied to suspected human trafficking networks surged 85% year over year in 2025, according to Chainalysis.
Reports say the total volume reached hundreds of millions of dollars across… [+3141 chars]"
"{'id': 'the-times-of-india', 'name': 'The Times of India'}",Tanya Pandey,Digital arrest victims may be going under cover,"Banks and insurers are in early talks to design an insurance product to cover victims of digital arrest scams, potentially making India the first country with such fraud coverage. The government has formed an interdepartmental committee to support tools like …",https://economictimes.indiatimes.com/tech/technology/digital-arrest-victims-may-be-going-under-cover/articleshow/128319770.cms,"https://img.etimg.com/thumb/width-1200,height-900,imgsize-1430870,resizemode-75,msid-128319770/tech/technology/digital-arrest-victims-may-be-going-under-cover.jpg",2026-02-14T00:30:00Z,"Banks and insurers are in early talks to design an insurance product that could cover victims of digital arrest scams, said people with knowledge of the matter. If implemented, India would become the… [+4404 chars]"
"{'id': 'fox-news', 'name': 'Fox News'}",,"Woman owes $3,556 for cruise she already paid for after falling victim to elaborate Zelle scam","Family banned for life from cruises after paying $3,556 through Zelle to fake consultant who used stolen credit card. Now she owes double the amount.",https://www.foxnews.com/tech/woman-owes-3556-cruise-she-already-paid-after-falling-victim-elaborate-zelle-scam,https://static.foxnews.com/foxnews.com/content/uploads/2026/02/man-overboard-in-hawaii.jpg,2026-02-13T23:55:11Z,"A family vacation turned into a five-year nightmare. And it started with one payment.
L. Williams found a cruise consultant online who booked her family a week on Carnival Freedom. Great price. One … [+3308 chars]"
"{'id': None, 'name': 'Techdirt'}",Tori Noble,Copyright Kills Competition,"Copyright owners increasingly claim more draconian copyright law and policy will fight back against big tech companies. In reality, copyright gives the most powerful companies even more control over creators and competitors. Today’s copyright policy concentra…",https://www.techdirt.com/2026/02/13/copyright-kills-competition/,https://www.techdirt.com/wp-content/themes/techdirt/assets/images/td-rect-logo-white.png,2026-02-13T23:28:00Z,"from the copyright-reform-is-antitrust dept
Copyright owners increasingly claim more draconian copyright law and policy will fight back against big tech companies. In reality, copyright gives the mo… [+5124 chars]"
"{'id': None, 'name': 'pymnts.com'}",PYMNTS,Crypto Advocates Urge UK’s FCA to Narrow Regulatory Scope,"The DeFi Education Fund (DEF), a Washington, D.C.-based advocacy group, is urging the United Kingdom’s Financial Conduct Authority (FCA) to limit its upcoming cryptocurrency regulations to entities that have unilateral control over user funds or transactions,…",https://www.pymnts.com/news/regulation/2026/crypto-advocates-urge-united-kingdom-fca-narrow-regulatory-scope/,https://www.pymnts.com/wp-content/uploads/2025/05/cryptocurrency-bitcoin-blockchain.jpg,2026-02-13T23:01:23Z,"The DeFi Education Fund (DEF), a Washington, D.C.-based advocacy group, is urging the United Kingdoms Financial Conduct Authority (FCA) to limit its upcoming cryptocurrency regulations to entities th… [+2268 chars]"
"{'id': 'cbc-news', 'name': 'CBC News'}",,Company that received Skills Development Fund money launches countersues Ontario,"A mental health company being sued by the Ontario government over alleged fraudulent misrepresentation has filed a statement of defence and a counterclaim against the province, alleging it has damaged the company's reputation.",https://www.cbc.ca/news/canada/toronto/keel-suing-ontario-skills-development-fund-9.7089356,"https://i.cbc.ca/ais/1.3473008,1456946822000/full/max/0/default.jpg?im=Crop%2Crect%3D%280%2C0%2C3263%2C1835%29%3BResize%3D620",2026-02-13T21:37:51Z,"A mental health company being sued by the Ontario government over alleged fraudulent misrepresentation has filed a statement of defence and a counterclaim against the province, alleging it has damage… [+2045 chars]"
"{'id': None, 'name': 'Japan Today'}",,Japan digital payment app PayPay files for U.S. listing,"PayPay Corp, the Japanese provider of a popular digital payment app, has publicly filed for an initial public offering in the United States, the company said Friday, aiming to be listed on the Nasdaq stock exchange as early as March. The company filed a regis…",https://japantoday.com/category/business/japan-digital-payment-app-paypay-files-for-u.s.-listing,,2026-02-13T21:07:55Z,"PayPay Corp, the Japanese provider of a popular digital payment app, has publicly filed for an initial public offering in the United States, the company said Friday, aiming to be listed on the Nasdaq… [+1621 chars]"
"{'id': None, 'name': 'pymnts.com'}",PYMNTS,Earnings Calls Show Balance Between Essential and Discretionary Spending,"If one theme connected fourth-quarter earnings calls across consumer packaged goods companies and discretionary brands, such as toymakers, it was the emergence of a consumer economy defined by prioritization rather than a full-fledged pullback. Executives out…",https://www.pymnts.com/consumer-insights/2026/earnings-calls-show-balance-between-essential-discretionary-spending/,https://www.pymnts.com/wp-content/uploads/2025/09/Consumer-finance-spending.jpg,2026-02-13T20:32:44Z,"If one theme connected fourth-quarter earnings calls across consumer packaged goods companies and discretionary brands, such as toymakers, it was the emergence of a consumer economy defined by priori… [+4422 chars]"
"{'id': None, 'name': 'Futurism'}",Victor Tangermann,Crypto Has Finally Found Its Killer App: Human Trafficking,"According to a new report, cryptocurrency flows to suspected human trafficking services grew a shocking 85 percent last year.",http://futurism.com/future-society/crypto-human-trafficking-surge,https://futurism.com/wp-content/uploads/2026/02/crypto-human-trafficking-surge.jpg?w=1200,2026-02-13T20:11:37Z,"Cryptocurrencies have long been lauded for being a borderless, decentralized way to transfer cash and while they’ve emerged as a major speculative asset, fans have often struggled to point to a real-… [+3139 chars]"
"{'id': None, 'name': 'Bitcoinist'}",Sandra White,Ripple Announces New Partnership To Tokenize Funds On XRP Ledger,Ripple has entered a new institutional partnership aimed at converting conventional fund structures into digital tokens issued and managed on the XRP Ledger. The initiative marks a tangible step in the financial sector’s shift toward blockchain-based fund inf…,https://bitcoinist.com/ripple-announces-new-partnership/,https://bitcoinist.com/wp-content/uploads/2026/02/Ripple-from-Getty-Images-1.jpg,2026-02-13T20:00:01Z,Ripple has entered a new institutional partnership aimed at converting conventional fund structures into digital tokens issued and managed on the XRP Ledger. The initiative marks a tangible step in t… [+3509 chars]
"{'id': None, 'name': 'pymnts.com'}",PYMNTS,This Week in Stablecoins: The Market Starts to Splinter,"Stablecoins promise to help businesses move money faster, cheaper and more transparently. But their path to legitimization and institutional adoption has been anything but fast, cheap or even transparent. Still, over the past week, policy debates stretched ac…",https://www.pymnts.com/blockchain/2026/this-week-in-stablecoins-the-market-starts-to-splinter/,https://www.pymnts.com/wp-content/uploads/2025/08/stablecoins-5.jpg,2026-02-13T18:48:23Z,"Stablecoins promise to help businesses move money faster, cheaper and more transparently.But their path to legitimization and institutional adoption has been anything but fast, cheap or even transpar… [+4939 chars]"
"{'id': None, 'name': 'GlobeNewswire'}",Crown Coins Casino,Fast Payout Online Casinos February 2026: Crown Coins Casino's Leading Withdrawal Speeds,"February 2026 update on Crown Coins Casino’s withdrawal speeds, same-day processing model, and 50 SC redemption threshold....",https://www.globenewswire.com/news-release/2026/02/13/3238268/0/en/Fast-Payout-Online-Casinos-February-2026-Crown-Coins-Casino-s-Leading-Withdrawal-Speeds.html,https://ml.globenewswire.com/Resource/Download/b3e7db3f-51a9-4f02-836d-0b21f82936a0,2026-02-13T18:41:00Z,"Las Vegas, NV, Feb. 13, 2026 (GLOBE NEWSWIRE) -- 
Crown Coins Casino has reinforced its commitment to improving the player experience by offering faster payouts and lower withdrawal thresholds in 20… [+9273 chars]"
"{'id': None, 'name': 'BusinessLine'}",PTI,"Health cover to be bundled with pension schemes, says PFRDA chief","PFRDA chief S Ramann says pension funds may bundle health cover under Swasthya, allowing 30% corpus for medical use and boosting NPS reach via NPCI.",https://www.thehindubusinessline.com/money-and-banking/health-cover-to-be-bundled-with-pension-schemes-says-pfrda-chief/article70630080.ece,https://bl-i.thgim.com/public/incoming/kk0gws/article70630087.ece/alternates/LANDSCAPE_1200/IMG_bl13__Sivasubramania_2_1_JNCHD5V2.jpg,2026-02-13T18:36:04Z,Pension Fund Regulatory And Development Authority (PFRDA) Chairman S Ramann on Friday said three pensions funds are working on introducing plans bundled with health covers for the benefit of investor… [+2890 chars]
"{'id': None, 'name': 'Ubergizmo'}",Paulo Montenegro,PlayStation Flex: PS5 Subscription Service Lets You Game Without Paying Full Price Upfront,"Sony has introduced a new subscription-based way for consumers to get the PlayStation 5 without purchasing the console outright. The service, called Flex, is designed for users who prefer a lower monthly cost instead of paying the full retail price upfront. I…",https://www.ubergizmo.com/2026/02/ps5-subscription-service/,https://i0.wp.com/cdnssl.ubergizmo.com/wp-content/uploads/2026/02/ps5-thumb.png,2026-02-13T18:25:00Z,"Sony has introduced a new subscription-based way for consumers to get the PlayStation 5 without purchasing the console outright. The service, called Flex, is designed for users who prefer a lower mon… [+1695 chars]"
"{'id': None, 'name': 'Business Standard'}",Manojit Saha,Cards in play: Sandeep Ghosh on the opportunity in cash conversion,"Despite UPI's dominance, the digital payments game is far from over, Ghosh tells Manojit Saha, pointing to the opportunity that lies in cash conversion",https://www.business-standard.com/finance/news/cards-in-play-sandeep-ghosh-on-the-opportunity-in-cash-conversion-126021301952_1.html,https://bsmedia.business-standard.com/_media/bs/img/article/2026-02/13/thumb/fitandfill/1200X630/1771004212-1271.jpg,2026-02-13T17:38:00Z,"Sandeep Ghosh, Group Country Manager, India &amp; South Asia, Visa | Illustration: Binay Sinha"
